<?xml version="1.0" encoding="UTF-8"?>
<form>
	<step>
		<section>
			<type>input</type>
			<id>userName</id>
			<title>$title</title>			
			<description>$title2</description>
			 <question>What is your name?</question>
		</section>		
	</step>
	<step>
		<section>	
			<type>textarea</type>
			<id>userDescription</id>
			<title>Describe yourself</title>		
			<description>Please describe yourself in a few words, if you want.</description>
			 <question>What do you like?</question>
		</section>		
	</step>
	<step>
		<section>
			<type>dropdown</type>
			<id>status</id>
			<title>Select your marriage status</title>
			<description>Please select your marriage status from the dropdwon below</description>
			<required>true</required>
			<question>What is your marriage status?</question>
			<options>
				<option> 
					<title>Married</title>
					<value>Married</value>
				</option>
				<option> 
					<title>Single</title>
					<value>Single</value>
				</option>					
			</options>
		</section>
	</step>
	<step>
		<section>
			<type>checkbox</type>
			<id>age</id>
			<title>Select your age</title>
			<description>PLease select your age</description>
			<question>How old are you?</question>
			<options>
				<option> 
					<title>older than 30 years old</title>
					<value>I'm older than 30 years old</value>
				</option>
				<option>
					<title>yanger than 30 years old</title>
					<value>I'm yanger than 30 years old</value>
				</option>			
			</options>			
		</section>
	</step>
	<step>
			<section>	
			<type>radio</type>
			<id>car</id>			
			<title>Car</title>
			<description>Please select one option.</description>
			<question>Do you have a car?</question>
			<options>
				<option> 
					<title>Yes, I do</title>
					<value>Yes, I have a car</value>
				</option>
				<option>
					<title>No, I don't</title>
					<value>No, I don't have a car</value>
				</option>			
			</options>			
		</section>
	</step>
	<step>		
		<section>	
			<type>date</type>
			<id>birth</id>
			<title>Select your date of birth</title>
			<required>false</required>
			<description>Please select date from date picker below</description>
			<question>When were you born?</question>
		</section>
	</step>
	<settings>
	  <download>
		<enable>true</enable>
		<downloadAs>PDF, DOCX</downloadAs>
	  </download>
	  <email>
		<enable>true</enable>
		<emailTo>test@email.com, test@secondemail.com</emailTo>
		<emailAs>DOCX</emailAs>
	  </email>
	</settings>
	<params>
		<param>
			<id>title</id>
			<value>
				<![CDATA[<html>
					<b>Test Title</b>
				</html>]]>
			</value>
		</param>
		<param>
			<id>title2</id>
			<value>
				<![CDATA[<html>
					<b>Test Title 222</b>
				</html>]]>
			</value>
		</param>
	</params>
</form>
